url,label
https://www.google.com,0
https://www.google.com/search?q=python+programming,0
https://www.github.com,0
https://www.github.com/user/repo,0
https://github.com/microsoft/vscode,0
https://github.com/torvalds/linux/blob/master/README,0
https://docs.python.org/3/library/os.html,0
https://docs.python.org/3/tutorial/index.html,0
https://stackoverflow.com/questions/12345,0
https://stackoverflow.com/questions/tagged/python,0
https://www.amazon.com,0
https://www.amazon.com/dp/B08N5WRWNW,0
https://www.amazon.com/gp/cart/view.html,0
https://en.wikipedia.org/wiki/Machine_learning,0
https://en.wikipedia.org/wiki/Artificial_intelligence,0
https://en.wikipedia.org/wiki/Deep_learning,0
https://www.youtube.com,0
https://www.youtube.com/watch?v=dQw4w9WgXcQ,0
https://www.youtube.com/channel/UC12345,0
https://www.reddit.com,0
https://www.reddit.com/r/programming,0
https://www.reddit.com/r/learnpython/comments/abc123,0
https://www.facebook.com,0
https://www.facebook.com/profile.php?id=123456,0
https://www.twitter.com,0
https://twitter.com/elonmusk/status/123456789,0
https://www.instagram.com,0
https://www.instagram.com/p/ABC123,0
https://www.linkedin.com,0
https://www.linkedin.com/in/johndoe,0
https://www.linkedin.com/company/microsoft,0
https://www.netflix.com,0
https://www.netflix.com/browse,0
https://www.netflix.com/title/80057281,0
https://www.apple.com,0
https://www.apple.com/shop/buy-iphone,0
https://support.apple.com/en-us/HT201222,0
https://www.microsoft.com,0
https://www.microsoft.com/en-us/microsoft-365,0
https://docs.microsoft.com/en-us/dotnet,0
https://learn.microsoft.com/en-us/azure,0
https://www.paypal.com,0
https://www.paypal.com/myaccount/summary,0
https://www.ebay.com,0
https://www.ebay.com/itm/123456789,0
https://www.bbc.com/news,0
https://www.bbc.com/news/technology-12345678,0
https://www.cnn.com,0
https://edition.cnn.com/2024/01/15/tech/ai-news,0
https://www.nytimes.com,0
https://www.nytimes.com/section/technology,0
https://www.washingtonpost.com,0
https://medium.com,0
https://medium.com/@johndoe/article-title-abc123,0
https://www.dropbox.com,0
https://www.dropbox.com/home,0
https://drive.google.com,0
https://drive.google.com/file/d/ABC123/view,0
https://mail.google.com,0
https://calendar.google.com,0
https://maps.google.com,0
https://www.twitch.tv,0
https://www.twitch.tv/ninja,0
https://www.spotify.com,0
https://open.spotify.com/track/1234567890,0
https://www.pinterest.com,0
https://www.pinterest.com/pin/123456789,0
https://www.quora.com,0
https://www.quora.com/What-is-machine-learning,0
https://news.ycombinator.com,0
https://news.ycombinator.com/item?id=12345,0
https://www.slack.com,0
https://app.slack.com/client/T12345,0
https://www.zoom.us,0
https://zoom.us/j/123456789,0
https://www.npmjs.com/package/express,0
https://pypi.org/project/django,0
https://pypi.org/project/flask,0
https://rubygems.org,0
https://www.cloudflare.com,0
https://www.digitalocean.com,0
https://aws.amazon.com,0
https://aws.amazon.com/s3,0
https://console.cloud.google.com,0
https://portal.azure.com,0
https://www.heroku.com,0
https://www.netlify.com,0
https://vercel.com,0
https://www.figma.com,0
https://www.canva.com,0
https://www.adobe.com,0
https://www.adobe.com/products/photoshop.html,0
https://www.salesforce.com,0
https://www.hubspot.com,0
https://www.shopify.com,0
https://www.etsy.com,0
https://www.walmart.com,0
https://www.target.com,0
https://www.bestbuy.com,0
https://www.homedepot.com,0
https://www.lowes.com,0
https://www.ikea.com,0
https://www.costco.com,0
https://www.nike.com,0
https://www.adidas.com,0
https://www.booking.com,0
https://www.airbnb.com,0
https://www.expedia.com,0
https://www.tripadvisor.com,0
https://www.kayak.com,0
https://www.zillow.com,0
https://www.realtor.com,0
https://www.indeed.com,0
https://www.glassdoor.com,0
https://www.craigslist.org,0
https://www.yelp.com,0
https://www.healthline.com,0
https://www.webmd.com,0
https://www.mayoclinic.org,0
https://www.archive.org,0
https://www.khanacademy.org,0
https://www.coursera.org,0
https://www.udemy.com,0
https://www.edx.org,0
https://www.mit.edu,0
https://www.stanford.edu,0
https://www.harvard.edu,0
https://www.ox.ac.uk,0
https://www.cambridge.org,0
https://www.nasa.gov,0
https://www.nih.gov,0
https://www.cdc.gov,0
https://www.who.int,0
https://www.un.org,0
https://www.reuters.com,0
https://www.bloomberg.com,0
https://www.forbes.com,0
https://www.wsj.com,0
https://www.ft.com,0
https://www.theguardian.com,0
https://www.economist.com,0
https://www.npr.org,0
https://www.pbs.org,0
https://www.nationalgeographic.com,0
https://www.scientificamerican.com,0
https://www.nature.com,0
https://www.sciencedirect.com,0
https://arxiv.org/abs/2301.12345,0
https://www.researchgate.net,0
https://scholar.google.com,0
https://www.imdb.com,0
https://www.imdb.com/title/tt1234567,0
https://www.rottentomatoes.com,0
https://www.metacritic.com,0
https://www.goodreads.com,0
https://www.audible.com,0
https://store.steampowered.com,0
https://www.epicgames.com,0
https://www.playstation.com,0
https://www.xbox.com,0
https://www.nintendo.com,0
https://www.mozilla.org,0
https://addons.mozilla.org/en-US/firefox,0
https://chrome.google.com/webstore,0
https://www.docker.com,0
https://hub.docker.com,0
https://kubernetes.io,0
https://www.terraform.io,0
https://www.ansible.com,0
https://www.jenkins.io,0
https://gitlab.com,0
https://bitbucket.org,0
https://www.atlassian.com,0
https://jira.atlassian.com,0
https://trello.com,0
https://www.notion.so,0
https://www.evernote.com,0
https://www.todoist.com,0
https://www.1password.com,0
https://www.lastpass.com,0
https://bitwarden.com,0
https://signal.org,0
https://www.whatsapp.com,0
https://telegram.org,0
https://discord.com,0
https://www.skype.com,0
https://www.grammarly.com,0
https://www.duolingo.com,0
https://www.wolframalpha.com,0
https://www.mathworks.com,0
https://jupyter.org,0
https://colab.research.google.com,0
https://www.kaggle.com,0
https://www.kaggle.com/datasets,0
https://huggingface.co,0
https://openai.com,0
https://www.anthropic.com,0
https://pytorch.org,0
https://www.tensorflow.org,0
https://scikit-learn.org,0
https://pandas.pydata.org,0
https://numpy.org,0
https://matplotlib.org,0
https://fastapi.tiangolo.com,0
https://flask.palletsprojects.com,0
https://www.djangoproject.com,0
https://spring.io,0
https://reactjs.org,0
https://vuejs.org,0
https://angular.io,0
https://nextjs.org,0
https://svelte.dev,0
https://www.rust-lang.org,0
https://golang.org,0
https://www.typescriptlang.org,0
https://kotlinlang.org,0
https://www.swift.org,0
https://www.php.net,0
https://www.ruby-lang.org,0
https://www.java.com,0
https://dotnet.microsoft.com,0
https://www.haskell.org,0
https://clojure.org,0
https://elixir-lang.org,0
https://www.erlang.org,0
https://www.scala-lang.org,0
https://www.perl.org,0
https://www.lua.org,0
https://www.r-project.org,0
https://julialang.org,0
https://www.gnu.org,0
https://www.fsf.org,0
https://creativecommons.org,0
https://www.eff.org,0
https://www.acm.org,0
https://ieee.org,0
https://www.iso.org,0
https://www.w3.org,0
https://developer.mozilla.org,0
https://developer.mozilla.org/en-US/docs/Web/JavaScript,0
https://css-tricks.com,0
https://www.smashingmagazine.com,0
https://dev.to,0
https://www.freecodecamp.org,0
https://www.codecademy.com,0
https://leetcode.com,0
https://www.hackerrank.com,0
https://codeforces.com,0
https://www.codewars.com,0
https://projecteuler.net,0
https://exercism.org,0
https://www.geeksforgeeks.org,0
https://www.tutorialspoint.com,0
https://www.javatpoint.com,0
https://realpython.com,0
https://www.datacamp.com,0
https://www.pluralsight.com,0
https://www.skillshare.com,0
https://www.masterclass.com,0
https://www.ted.com,0
https://www.ted.com/talks,0
https://www.britannica.com,0
https://dictionary.cambridge.org,0
https://www.merriam-webster.com,0
https://translate.google.com,0
https://fonts.google.com,0
https://analytics.google.com,0
https://tagmanager.google.com,0
https://search.google.com,0
https://play.google.com,0
https://www.apple.com/app-store,0
https://music.apple.com,0
https://tv.apple.com,0
https://news.google.com,0
https://trends.google.com,0
https://earth.google.com,0
https://www.waze.com,0
https://www.uber.com,0
https://www.lyft.com,0
https://www.doordash.com,0
https://www.grubhub.com,0
https://www.instacart.com,0
https://www.stripe.com,0
https://www.square.com,0
https://www.venmo.com,0
https://cash.app,0
https://www.coinbase.com,0
https://www.binance.com,0
https://www.kraken.com,0
https://www.robinhood.com,0
https://www.fidelity.com,0
https://www.vanguard.com,0
https://www.schwab.com,0
https://www.etrade.com,0
https://www.ameritrade.com,0
https://www.capitalone.com,0
https://www.chase.com,0
https://www.bankofamerica.com,0
https://www.wellsfargo.com,0
https://www.citibank.com,0
https://www.usbank.com,0
https://www.pnc.com,0
https://www.ally.com,0
https://www.discover.com,0
https://www.synchrony.com,0
https://www.americanexpress.com,0
https://www.visa.com,0
https://www.mastercard.com,0
https://www.paypal.com/us/home,0
https://www.intuit.com,0
https://quickbooks.intuit.com,0
https://turbotax.intuit.com,0
https://www.irs.gov,0
https://www.ssa.gov,0
https://www.usps.com,0
https://www.fedex.com,0
https://www.ups.com,0
https://www.dhl.com,0
https://www.weather.com,0
https://weather.gov,0
https://www.accuweather.com,0
https://www.msn.com,0
https://outlook.live.com,0
https://onedrive.live.com,0
https://www.office.com,0
https://teams.microsoft.com,0
https://code.visualstudio.com,0
https://marketplace.visualstudio.com,0
https://www.oracle.com,0
https://www.ibm.com,0
https://www.sap.com,0
https://www.vmware.com,0
https://www.cisco.com,0
https://www.dell.com,0
https://www.hp.com,0
https://www.lenovo.com,0
https://www.asus.com,0
https://www.acer.com,0
https://www.samsung.com,0
https://www.lg.com,0
https://www.sony.com,0
https://www.panasonic.com,0
https://www.toshiba.com,0
https://www.intel.com,0
https://www.amd.com,0
https://www.nvidia.com,0
https://www.qualcomm.com,0
https://www.arm.com,0
https://www.spacex.com,0
https://www.tesla.com,0
https://www.volvo.com,0
https://www.bmw.com,0
https://www.mercedes-benz.com,0
https://www.toyota.com,0
https://www.honda.com,0
https://www.ford.com,0
https://www.gm.com,0
https://mail.yahoo.com,0
https://finance.yahoo.com,0
https://sports.yahoo.com,0
https://www.aol.com,0
https://www.icloud.com,0
https://www.hulu.com,0
https://www.disneyplus.com,0
https://www.hbomax.com,0
https://www.peacocktv.com,0
https://www.paramountplus.com,0
https://www.crunchyroll.com,0
https://www.funimation.com,0
https://www.twitch.tv/directory,0
https://www.deviantart.com,0
https://www.behance.net,0
https://dribbble.com,0
https://www.flickr.com,0
https://unsplash.com,0
https://www.pexels.com,0
https://pixabay.com,0
https://www.shutterstock.com,0
https://www.gettyimages.com,0
https://www.istockphoto.com,0
https://www.canva.com/design,0
https://www.invisionapp.com,0
https://www.sketch.com,0
https://www.abstract.com,0
https://www.zeplin.io,0
https://miro.com,0
https://www.lucidchart.com,0
https://app.diagrams.net,0
https://excalidraw.com,0
https://www.postman.com,0
https://insomnia.rest,0
https://swagger.io,0
https://graphql.org,0
https://grpc.io,0
https://redis.io,0
https://www.mongodb.com,0
https://www.postgresql.org,0
https://www.mysql.com,0
https://www.sqlite.org,0
https://www.elastic.co,0
https://kafka.apache.org,0
https://www.rabbitmq.com,0
https://nats.io,0
https://prometheus.io,0
https://grafana.com,0
https://www.datadoghq.com,0
https://www.splunk.com,0
https://sentry.io,0
https://www.pagerduty.com,0
https://www.opsgenie.com,0
https://statuspage.io,0
https://www.cloudflare.com/dns,0
https://www.namecheap.com,0
https://www.godaddy.com,0
https://domains.google,0
https://www.hover.com,0
https://www.gandi.net,0
https://letsencrypt.org,0
https://www.digicert.com,0
https://www.ssllabs.com,0
https://www.virustotal.com,0
https://www.shodan.io,0
https://www.exploit-db.com,0
https://cve.mitre.org,0
https://nvd.nist.gov,0
https://www.owasp.org,0
https://portswigger.net,0
https://www.metasploit.com,0
https://nmap.org,0
https://www.wireshark.org,0
https://www.snort.org,0
https://www.zeek.org,0
https://suricata.io,0
https://www.crowdstrike.com,0
https://www.paloaltonetworks.com,0
https://www.fortinet.com,0
https://www.checkpoint.com,0
https://www.sophos.com,0
https://www.malwarebytes.com,0
https://www.kaspersky.com,0
https://www.norton.com,0
https://www.mcafee.com,0
https://www.bitdefender.com,0
https://www.avast.com,0
https://www.avg.com,0
https://www.trendmicro.com,0
https://www.eset.com,0
https://www.f-secure.com,0
https://proton.me,0
https://protonmail.com,0
https://www.tutanota.com,0
https://www.fastmail.com,0
https://www.zoho.com/mail,0
https://www.mailchimp.com,0
https://sendgrid.com,0
https://www.constantcontact.com,0
https://www.surveymonkey.com,0
https://www.typeform.com,0
https://www.jotform.com,0
https://docs.google.com,0
https://sheets.google.com,0
https://slides.google.com,0
https://www.overleaf.com,0
https://www.sharelatex.com,0
https://hackmd.io,0
https://www.gitbook.com,0
https://readthedocs.org,0
https://mkdocs.org,0
https://docusaurus.io,0
https://vitepress.dev,0
https://www.sphinx-doc.org,0
https://www.doxygen.nl,0
https://www.javadoc.io,0
https://pkg.go.dev,0
https://crates.io,0
https://www.nuget.org,0
https://maven.apache.org,0
https://gradle.org,0
https://www.bazel.build,0
https://cmake.org,0
https://meson.build,0
https://ninja-build.org,0
https://circleci.com,0
https://travis-ci.com,0
https://www.appveyor.com,0
https://github.com/features/actions,0
https://about.gitlab.com/stages-devops-lifecycle/continuous-integration,0
https://www.sonarqube.org,0
https://www.codacy.com,0
https://codecov.io,0
https://coveralls.io,0
https://www.snyk.io,0
https://dependabot.com,0
https://www.whitesource.io,0
https://www.blackducksoftware.com,0
https://www.veracode.com,0
https://www.checkmarx.com,0
https://semgrep.dev,0
https://www.hashicorp.com,0
https://www.consul.io,0
https://www.vaultproject.io,0
https://www.nomadproject.io,0
https://www.packer.io,0
https://www.vagrantup.com,0
https://www.pulumi.com,0
https://crossplane.io,0
https://www.cncf.io,0
https://landscape.cncf.io,0
https://helm.sh,0
https://istio.io,0
https://linkerd.io,0
https://www.envoyproxy.io,0
https://www.nginx.com,0
https://httpd.apache.org,0
https://caddyserver.com,0
https://traefik.io,0
https://www.haproxy.org,0
https://www.squid-cache.org,0
https://www.varnish-cache.org,0
https://min.io,0
https://www.ceph.io,0
https://www.gluster.org,0
https://longhorn.io,0
https://rook.io,0
https://openebs.io,0
https://vitess.io,0
https://www.cockroachlabs.com,0
https://www.yugabyte.com,0
https://www.timescale.com,0
https://clickhouse.com,0
https://www.influxdata.com,0
https://questdb.io,0
https://www.tigergraph.com,0
https://neo4j.com,0
https://dgraph.io,0
https://www.arangodb.com,0
https://www.couchbase.com,0
https://www.scylladb.com,0
https://cassandra.apache.org,0
https://hbase.apache.org,0
https://www.duckdb.org,0
https://motherduck.com,0
https://www.snowflake.com,0
https://www.databricks.com,0
https://www.palantir.com,0
https://www.tableau.com,0
https://powerbi.microsoft.com,0
https://looker.com,0
https://www.metabase.com,0
https://superset.apache.org,0
https://www.redash.io,0
https://mode.com,0
https://www.sisense.com,0
https://www.thoughtspot.com,0
https://www.domo.com,0
https://www.qlik.com,0
https://www.alteryx.com,0
https://www.informatica.com,0
https://www.talend.com,0
https://airbyte.com,0
https://www.fivetran.com,0
https://www.stitch.com,0
https://www.getdbt.com,0
https://airflow.apache.org,0
https://prefect.io,0
https://dagster.io,0
https://www.ray.io,0
https://spark.apache.org,0
https://flink.apache.org,0
https://beam.apache.org,0
https://storm.apache.org,0
https://www.dask.org,0
https://modin.readthedocs.io,0
https://vaex.io,0
https://polars.rs,0
https://www.pola.rs,0
https://rapids.ai,0
https://mlflow.org,0
https://www.kubeflow.org,0
https://www.seldon.io,0
https://www.bentoml.com,0
https://onnx.ai,0
https://www.trition-inference-server.com,0
https://wandb.ai,0
https://neptune.ai,0
https://www.comet.com,0
https://clearml.com,0
https://dvc.org,0
https://www.pachyderm.com,0
https://lakeFS.io,0
https://delta.io,0
https://iceberg.apache.org,0
https://hudi.apache.org,0
http://192.168.1.1/paypal-login/verify.html,1
http://192.168.1.100/secure-banking/login.php,1
http://10.0.0.1/account/verify-identity.html,1
http://172.16.0.1/webmail/login.cgi,1
http://192.168.0.100/microsoft-login/index.html,1
http://10.10.10.10/banking/secure-login.php,1
http://192.168.2.50/apple-id/confirm.html,1
http://172.31.0.1/google-signin/auth.php,1
http://192.168.100.1/netflix-account/update.html,1
http://10.0.0.254/chase-online/verify.php,1
http://secure-paypa1.com/login,1
http://paypa1-secure.com/verify-account,1
http://paypa1.com/signin,1
http://paypaI-verify.com/account/update,1
http://pay-pal-secure.com/login.php,1
http://amaz0n-verify.tk/account/update,1
http://amaz0n-security.ml/signin,1
http://amazon-verify-account.xyz/login,1
http://amazom.com/account-suspended,1
http://amazn-update.ga/secure/login.php,1
http://login-apple.security-update.xyz/verify,1
http://apple-id-verify.tk/confirm,1
http://apple-support-verify.ml/login,1
http://appie-id.com/verify-account,1
http://app1e-security.gq/account-update,1
http://microsoft.com.verify-account.ml/signin,1
http://microsoft-update-security.tk/verify,1
http://micros0ft-login.xyz/signin.php,1
http://microsoft-account-verify.ga/login,1
http://microsott.com/account/security,1
http://faceb00k-security.gq/login.php,1
http://faceb00k.com.verify-account.tk/login,1
http://facebook-login-verify.ml/signin,1
http://facebok-security.xyz/account/confirm,1
http://faceboook.com/login-verify,1
http://g00gle-verify.tk/account/signin,1
http://google.com.security-verify.ml/login,1
http://g00gle-security.xyz/signin.php,1
http://googel-account.ga/verify-login,1
http://goog1e-update.gq/signin,1
http://netfllx-account.tk/update-payment,1
http://netflix-verify.ml/account/billing,1
http://netf1ix-security.xyz/login,1
http://netifix.com/account-update,1
http://netflix-payment-update.ga/verify,1
http://chase-bank-verify.tk/account/login,1
http://chase-online-security.ml/verify,1
http://chase-account-update.xyz/signin,1
http://wellsfarg0-verify.ga/account/login,1
http://wells-fargo-security.tk/verify,1
http://bankofamerica-verify.ml/login,1
http://boa-security-update.xyz/account,1
http://citibank-verify-account.tk/login,1
http://bit.ly/3xFakePaypal,1
http://bit.ly/verify-now,1
http://tinyurl.com/secure-login-verify,1
http://t.co/fAk3LiNk,1
http://ow.ly/phishing-link,1
http://is.gd/fakebank,1
http://bit.do/verify-account,1
http://cutt.ly/suspicious-link,1
http://rebrand.ly/verify-identity,1
http://login-secure-verify.com/paypal/signin.php,1
http://verify-your-account-now.com/login,1
http://secure-login-update.com/banking,1
http://account-verify-security.com/signin,1
http://urgent-security-update.com/verify,1
http://suspicious-security-alert.xyz/login.php,1
http://account-suspended-verify.tk/signin,1
http://password-reset-verify.ml/account,1
http://confirm-identity-now.ga/login,1
http://update-billing-info.gq/account,1
http://security.update.verify.login.com/account.php,1
http://www.secure.login.verify.update.com/signin,1
http://account.verify.update.security.com/login.php,1
http://banking.login.secure.verify.com/account,1
http://mail.login.verify.secure.update.com/signin.php,1
http://www.login.update.verify.security.alert.com/account,1
http://signin.verify.update.secure.banking.com/login,1
http://account-verification-d8f3k2j1.xyz/login,1
http://secure-update-x7m2p9q4.tk/verify,1
http://verify-account-k3j8n2m5.ml/signin,1
http://login-secure-r4t7y2u9.ga/account,1
http://banking-verify-w8e3r6t1.gq/login,1
http://update-security-p2q5s8v3.xyz/signin.php,1
http://confirm-account-m7n4k1j6.tk/verify.html,1
http://reset-password-b3c6f9g2.ml/account/login,1
https://secure-paypal-verification.com/login.php?ref=verify&session=abc123&token=xyz789&redirect=account,1
http://amazon-account-verify.tk/login.php?user=update&action=confirm&session=fake123&redirect=billing,1
http://microsoft-security.ml/signin?verify=true&account=suspended&action=update&urgent=yes,1
http://netflix-billing-update.xyz/account?payment=verify&session=temp&expire=24h,1
http://xn--pypal-4ve.com/login,1
http://xn--googl-zsa.com/signin,1
http://paypal.com-verify.tk/login,1
http://google.com-security.ml/signin,1
http://apple.com-verify.xyz/account,1
http://amazon.com-update.ga/billing,1
http://microsoft.com-security.gq/login,1
http://facebook.com-verify.tk/account,1
http://netflix.com-billing.ml/update,1
http://chase.com-verify.xyz/login,1
http://paypal-verify.com:8080/login,1
http://amazon-security.tk:3000/account,1
http://microsoft-update.ml:9090/signin,1
http://google-verify.xyz:4443/login,1
http://banking-secure.ga:8888/account/verify,1
http://mybank-login.com/secure/index.html,1
http://secure-banking-portal.tk/verify-account,1
http://online-banking-update.ml/login.php,1
http://internet-banking-verify.xyz/account,1
http://mobile-banking-security.ga/signin,1
http://banking-alert-update.gq/verify.html,1
http://your-bank-secure.tk/account/login,1
http://bank-account-verify.ml/update-info,1
http://secure-bank-login.xyz/verify-identity,1
http://banking-suspend-alert.ga/login.php,1
http://webmail-login-verify.tk/signin,1
http://email-account-security.ml/login,1
http://mail-verify-update.xyz/account,1
http://email-password-reset.ga/verify,1
http://webmail-suspended.gq/login.php,1
http://outlook-verify-account.tk/signin,1
http://gmail-security-update.ml/login,1
http://yahoo-mail-verify.xyz/account,1
http://email-security-alert.ga/verify.html,1
http://mail-account-suspended.gq/login,1
http://dropbox-verify.tk/login,1
http://dropbox-shared-document.ml/verify,1
http://icloud-verify-account.xyz/signin,1
http://icloud-security-update.ga/login,1
http://onedrive-shared-file.gq/verify,1
http://gdrive-shared-doc.tk/signin,1
http://document-shared-verify.ml/login,1
http://file-shared-confirm.xyz/account,1
http://shared-document-view.ga/verify.php,1
http://invoice-shared-file.gq/login.html,1
http://instagram-verify.tk/account/login,1
http://instagram-security.ml/verify-account,1
http://twitter-verify-badge.xyz/login,1
http://twitter-account-suspended.ga/verify,1
http://linkedin-connection-verify.gq/login,1
http://linkedin-profile-update.tk/signin,1
http://whatsapp-verify-number.ml/login,1
http://telegram-account-verify.xyz/signin,1
http://snapchat-verify-account.ga/login,1
http://tiktok-account-verify.gq/signin,1
http://paypal-refund-process.tk/verify-account,1
http://irs-tax-refund-verify.ml/account/login,1
http://hmrc-tax-refund.xyz/verify,1
http://lottery-winner-claim.ga/verify-identity,1
http://prize-winner-verify.gq/claim,1
http://inheritance-claim-verify.tk/login,1
http://crypto-wallet-verify.ml/signin,1
http://bitcoin-giveaway-claim.xyz/verify,1
http://free-gift-card-claim.ga/login,1
http://reward-points-verify.gq/account,1
http://dhl-package-delivery.tk/verify-address,1
http://fedex-delivery-update.ml/tracking,1
http://usps-package-verify.xyz/delivery,1
http://ups-delivery-failed.ga/reschedule,1
http://royal-mail-delivery.gq/verify,1
http://package-delivery-update.tk/tracking,1
http://shipping-verify-address.ml/delivery,1
http://delivery-failed-update.xyz/reschedule,1
http://parcel-tracking-verify.ga/delivery.php,1
http://shipping-notification.gq/track-package,1
http://adobe-subscription-verify.tk/account,1
http://spotify-billing-update.ml/verify,1
http://hulu-account-suspended.xyz/login,1
http://disney-plus-verify.ga/account,1
http://zoom-meeting-verify.gq/join,1
http://docusign-document-review.tk/sign,1
http://helpdesk-ticket-verify.ml/login,1
http://it-support-verify.xyz/account,1
http://hr-benefits-update.ga/verify,1
http://salary-increase-confirm.gq/login,1
http://ceo-urgent-request.tk/verify,1
http://executive-wire-transfer.ml/confirm,1
http://vendor-payment-verify.xyz/login,1
http://invoice-payment-confirm.ga/verify,1
http://purchase-order-update.gq/account,1
http://a.b.c.d.e.f.suspicious-domain.tk/login,1
http://sub1.sub2.sub3.sub4.phishing.ml/verify,1
http://www.a.b.c.d.e.f.g.suspicious.xyz/login.php,1
http://very.long.subdomain.chain.phishing.ga/account,1
http://this.is.a.suspicious.url.gq/verify.html,1
http://secure-login-verify-account-update-confirm-identity.tk/login,1
http://update-your-account-verify-identity-confirm-now.ml/signin,1
http://account-suspended-verify-immediately-urgent.xyz/login.php,1
http://confirm-identity-verify-account-update-billing.ga/account,1
http://urgent-security-update-verify-now-immediately.gq/verify,1
http://x7k2m9p4q8w3.tk/login,1
http://r4t7y2u9i5o1.ml/verify,1
http://b3c6f9g2h5j8.xyz/signin,1
http://n1m4k7l0p3q6.ga/account,1
http://d8f3k2j1s5v9.gq/login.php,1
http://2a7b9c4d1e8f.tk/verify-account,1
http://5g3h6j9k2l1m.ml/signin.html,1
http://8n4p7q1r3s6t.xyz/login/verify,1
http://a1b2c3d4e5f6g7h8.ga/account/update,1
http://z9y8x7w6v5u4t3s2.gq/verify/login,1
http://paypal-security-verify-account.com/login/signin/update/verify.php?session=abc&token=xyz&ref=security,1
http://secure-banking-login-verify-update.tk/account/signin/confirm/identity.html?urgent=true&expire=24h,1
http://amazon-account-suspended-verify-update.ml/login/confirm/billing/payment.php?action=verify&user=temp,1
http://192.168.1.1:8080/paypal-login/verify.html,1
http://10.0.0.1:3000/secure-banking/login,1
http://172.16.0.1:9090/apple-verify/signin.php,1
http://192.168.0.1:4443/google-login/account,1
http://10.10.10.10:8888/microsoft-verify/login.html,1
http://paypal.com@phishing-site.tk/login,1
http://google.com@malicious-site.ml/verify,1
http://apple.com@fake-domain.xyz/signin,1
http://microsoft.com@evil-site.ga/login,1
http://amazon.com@phishing.gq/account,1
http://netflix.com@hack-site.tk/billing,1
http://chase.com@fake-bank.ml/verify,1
http://facebook.com@evil-login.xyz/account,1
http://instagram.com@phishing.ga/verify,1
http://linkedin.com@malicious.gq/login,1
http://verify-paypal-account-security.buzz/login,1
http://amazon-update-billing.top/account,1
http://microsoft-security-login.club/verify,1
http://apple-id-verify-update.icu/signin,1
http://google-account-security.work/login,1
http://netflix-billing-verify.buzz/account,1
http://chase-online-verify.top/login.php,1
http://facebook-security-update.club/verify,1
http://instagram-verify-account.icu/login,1
http://linkedin-profile-verify.work/signin,1
http://paypal-login-verify.buzz/account/update,1
http://amazon-security-alert.top/verify/login,1
http://apple-support-verify.club/signin/update,1
http://google-signin-verify.icu/account/security,1
http://microsoft-login-update.work/verify/account,1
http://www.paypa1.ml/login.php?verify=true,1
http://www.amaz0n-secure.gq/account-update.html,1
http://www.faceb00k-login.tk/signin.php?redirect=home,1
http://www.g00gle-security.xyz/verify-account.html,1
http://www.micros0ft-update.ga/login-verify.php,1
http://www.app1e-id.ml/confirm-identity.html,1
http://www.netf1ix-billing.gq/update-payment.php,1
http://www.lnstagram-verify.tk/login-confirm.html,1
http://www.tw1tter-security.xyz/verify-badge.php,1
http://www.1inkedin-update.ga/verify-profile.html,1
http://www.dr0pbox-shared.ml/verify-document.php,1
http://www.yah00-mail.gq/security-update.html,1
http://www.wh4tsapp-verify.tk/confirm-number.php,1
http://www.sn4pchat-login.xyz/verify-account.html,1
http://www.t1kt0k-verify.ga/signin-confirm.php,1
http://urgent-paypal-verify-account-suspended-action-required.tk/login.php,1
http://your-amazon-account-has-been-suspended-verify-now.ml/signin.html,1
http://microsoft-account-unusual-activity-verify-immediately.xyz/login,1
http://apple-id-disabled-verify-identity-within-24-hours.ga/confirm,1
http://google-security-alert-unauthorized-access-detected.gq/verify.php,1
http://netflix-payment-declined-update-billing-now.tk/account.html,1
http://chase-suspicious-activity-verify-account-immediately.ml/login,1
http://facebook-account-will-be-deactivated-confirm-identity.xyz/verify,1
http://instagram-copyright-violation-verify-account.ga/login.php,1
http://linkedin-account-restricted-verify-now.gq/signin.html,1
http://secure-server-27.phishing-domain.tk/wp-admin/login.php,1
http://cdn-assets.malicious-site.ml/portal/account/verify,1
http://api-gateway.evil-domain.xyz/auth/login/verify,1
http://mail-server.suspicious-host.ga/webmail/login.cgi,1
http://web-portal.fake-company.gq/employee/signin.php,1
http://vpn-access.phishing-site.tk/connect/verify,1
http://remote-desktop.malicious.ml/rdp/login.html,1
http://file-server.evil-company.xyz/shared/document/view,1
http://print-server.suspicious.ga/queue/verify.php,1
http://backup-restore.fake-it.gq/recovery/login.html,1
http://internal-portal-login-verify.suspicious-domain.tk/account/verify.php?token=abc123,1
http://employee-benefits-update-confirm.phishing-site.ml/hr/login.html?session=xyz789,1
http://it-helpdesk-ticket-verify.malicious-domain.xyz/support/signin.php?urgent=true,1
http://payroll-direct-deposit-update.evil-site.ga/finance/verify.html?action=confirm,1
http://company-policy-update-acknowledge.fake-corp.gq/portal/login.php?ref=email,1
http://cPanel-login.tk/verify-hosting-account,1
http://wordpress-admin-security.ml/wp-login.php,1
http://cpanel.verify-hosting.xyz/login.php,1
http://webhost-account-suspended.ga/verify,1
http://domain-expired-renew.gq/login,1
http://ssl-certificate-expired.tk/renew,1
http://hosting-payment-failed.ml/update-billing,1
http://server-maintenance-verify.xyz/login,1
http://database-migration-confirm.ga/verify,1
http://website-security-scan.gq/login.php,1
http://coinbase-verify-account.tk/signin,1
http://binance-security-update.ml/login,1
http://crypto-wallet-recovery.xyz/verify,1
http://metamask-verify-seed.ga/confirm,1
http://opensea-nft-claim.gq/login,1
http://uniswap-token-airdrop.tk/verify,1
http://ethereum-gas-refund.ml/claim,1
http://solana-airdrop-claim.xyz/verify,1
http://bitcoin-double-send.ga/deposit,1
http://defi-yield-farming.gq/connect-wallet,1
http://covid19-relief-payment.tk/verify-identity,1
http://stimulus-check-status.ml/verify-ssn,1
http://vaccine-appointment-verify.xyz/login,1
http://government-grant-apply.ga/verify,1
http://unemployment-benefits-update.gq/verify,1
http://student-loan-forgiveness.tk/apply-now,1
http://social-security-update.ml/verify-identity,1
http://medicare-benefits-verify.xyz/login,1
http://tax-refund-status-verify.ga/account,1
http://census-participation-verify.gq/login,1
http://voicemail-notification.tk/listen-now.php,1
http://missed-call-verify.ml/callback.html,1
http://sms-verification-pending.xyz/verify,1
http://phone-number-verify.ga/confirm,1
http://mobile-account-suspended.gq/verify,1
http://sim-swap-alert.tk/verify-identity,1
http://carrier-billing-update.ml/login,1
http://data-plan-upgrade-free.xyz/verify,1
http://roaming-charges-dispute.ga/account,1
http://phone-insurance-claim.gq/verify,1
http://real-estate-deed-verify.tk/login,1
http://property-tax-refund.ml/claim,1
http://mortgage-rate-lock.xyz/verify,1
http://home-warranty-renew.ga/login,1
http://rental-application-verify.gq/confirm,1
http://insurance-claim-process.tk/verify,1
http://auto-insurance-refund.ml/claim,1
http://health-insurance-update.xyz/verify,1
http://life-insurance-beneficiary.ga/confirm,1
http://travel-insurance-claim.gq/verify,1
http://online-pharmacy-verify.tk/login,1
http://prescription-refill-confirm.ml/verify,1
http://health-records-access.xyz/login,1
http://medical-results-view.ga/verify,1
http://appointment-reschedule.gq/confirm,1
http://lab-results-ready.tk/view-now,1
http://doctor-message-view.ml/login,1
http://telehealth-appointment.xyz/join,1
http://patient-portal-verify.ga/login,1
http://medical-bill-dispute.gq/verify,1
http://alumni-network-verify.tk/login,1
http://scholarship-application.ml/verify,1
http://university-portal-update.xyz/login,1
http://student-records-access.ga/verify,1
http://tuition-payment-update.gq/confirm,1
http://financial-aid-verify.tk/login,1
http://campus-wifi-verify.ml/connect,1
http://library-account-renew.xyz/verify,1
http://course-registration-verify.ga/login,1
http://graduation-verify.gq/confirm,1
http://dating-profile-verify.tk/login,1
http://match-notification-view.ml/verify,1
http://profile-boost-upgrade.xyz/payment,1
http://account-upgrade-premium.ga/verify,1
http://someone-liked-you.gq/view-now,1
http://job-offer-confirm.tk/verify,1
http://resume-viewed-notification.ml/login,1
http://interview-schedule-confirm.xyz/verify,1
http://salary-negotiation-verify.ga/confirm,1
http://background-check-verify.gq/login,1
http://parking-ticket-pay.tk/verify,1
http://toll-violation-pay.ml/verify,1
http://traffic-fine-dispute.xyz/login,1
http://jury-duty-confirm.ga/verify,1
http://court-summons-view.gq/login,1
http://voter-registration-verify.tk/confirm,1
http://passport-renewal-verify.ml/login,1
http://visa-application-status.xyz/verify,1
http://immigration-update.ga/confirm,1
http://customs-clearance-verify.gq/login,1
http://charity-donation-receipt.tk/verify,1
http://fundraiser-matching-gift.ml/confirm,1
http://gofundme-donation-verify.xyz/login,1
http://church-donation-receipt.ga/verify,1
http://nonprofit-volunteer-verify.gq/login,1
http://sweepstakes-winner-claim.tk/verify,1
http://contest-entry-confirm.ml/login,1
http://survey-reward-claim.xyz/verify,1
http://cashback-reward-verify.ga/claim,1
http://loyalty-points-expire.gq/verify,1
http://airline-miles-expiring.tk/verify,1
http://hotel-points-transfer.ml/login,1
http://flight-upgrade-offer.xyz/verify,1
http://cruise-booking-confirm.ga/login,1
http://travel-deal-expiring.gq/verify,1
http://wifi-terms-accept.tk/connect,1
http://hotspot-login-verify.ml/connect,1
http://network-security-verify.xyz/login,1
http://vpn-subscription-renew.ga/verify,1
http://antivirus-expired-renew.gq/login,1
http://security-software-update.tk/download,1
http://system-infected-clean.ml/scan,1
http://computer-locked-unlock.xyz/verify,1
http://browser-update-required.ga/download,1
http://flash-player-update.gq/install,1
